IP Address;Port;Code;Country;Anonymity;Google;Https;Last Checked
93.116.185.57;36471;MD;Moldova, Republic of;elite proxy;no;yes;1 second ago
118.174.232.60;34772;TH;Thailand;elite proxy;no;yes;1 second ago
64.17.30.238;63141;US;United States;elite proxy;no;no;1 second ago
177.37.240.52;8080;BR;Brazil;elite proxy;no;no;1 second ago
162.248.247.153;32592;US;United States;elite proxy;no;no;1 second ago
77.46.138.241;30762;RS;Serbia;elite proxy;no;no;1 second ago
85.237.56.101;8080;RU;Russian Federation;elite proxy;no;no;1 second ago
217.219.31.210;33912;IR;Iran;anonymous;no;no;1 second ago
213.174.10.58;44051;UA;Ukraine;elite proxy;no;no;1 second ago
154.117.176.102;23500;ZA;South Africa;elite proxy;no;yes;1 second ago
119.82.252.29;34661;KH;Cambodia;elite proxy;no;yes;1 second ago
182.52.74.76;34084;TH;Thailand;elite proxy;no;no;1 second ago
163.53.209.8;6666;IN;India;elite proxy;no;no;1 second ago
103.116.118.133;61108;BD;Bangladesh;elite proxy;no;no;1 second ago
140.227.174.216;1000;JP;Japan;elite proxy;no;no;1 second ago
101.109.83.202;40391;TH;Thailand;elite proxy;no;no;1 second ago
103.105.77.48;8181;ID;Indonesia;anonymous;no;no;1 second ago
91.211.107.204;41258;RU;Russian Federation;elite proxy;no;no;1 second ago
45.121.43.7;51464;ID;Indonesia;elite proxy;no;no;1 second ago
124.41.243.22;47894;NP;Nepal;elite proxy;no;no;1 second ago
